Department,Avg_Wait_Minutes,Median_Wait_Minutes,Patient_Volume,Std_Wait_Minutes,High_Variability_Flag
Cardiology,14.30113297555158,14.0,1677,5.220606307621794,False
Emergency,44.73716381418093,44.0,1636,15.19985072436151,True
Neurology,14.508297480024584,14.0,1627,5.046562893509057,False
Pediatrics,14.543260741612713,15.0,1699,5.059805483272844,False
Radiology,29.700178465199286,30.0,1681,10.058900641272311,True
Surgery,14.648809523809524,15.0,1680,4.94404651690443,False
