Diagnosis,Total_Admissions,Readmissions,Readmission_Rate
APPENDICITIS,1453,137,9.4287680660702
ASTHMA,1403,128,9.123307198859587
DIABETES,1398,117,8.369098712446352
FRACTURE,1437,155,10.786360473208072
HEART FAILURE,1449,297,20.496894409937887
PNEUMONIA,1446,141,9.751037344398341
STROKE,1414,129,9.123055162659123
